res_name,ratings_num,rating,descript,price_min,price_max,food_type,city,lunch_hrs,dinner_hrs,dress_code,payment_options,chef,entertainment,additional_info,website,phone_number,street_address
'Jarred Macejkovic',2,5, 'Assumenda veniam culpa qui voluptates sit. Reiciendis qui reprehenderit. Eum voluptatem et sunt alias veritatis sed aperiam rerum. Est labore et aut in.', 10, 70, Japanese,'Veronicaborough', 1098, 2091, Beach Formal, Cash, 'Kraig Pfannerstill', 'Et et voluptas.', 'Enim molestiae hic. Rem omnis qui atque perspiciatis debitis corporis. At sunt ea ut assumenda quidem sint laudantium. Voluptatem qui excepturi sapiente. Laudantium nisi sit non. Labore ex suscipit veniam quia.', 'http://macy.info', (610) 794-2835 x116, '39053 Walsh Plain'
'Bettie Wisozk',3,5, 'Architecto officiis corporis et consequatur non eius explicabo voluptates. Rerum ut et dolore incidunt doloremque. Omnis ut sint. Voluptas libero enim. Cum nemo occaecati dolores eligendi ut incidunt praesentium suscipit at. Aspernatur rem amet.', 12, 56, Mexican,'South Ronaldotown', 1121, 1908, nude, Cash, 'Heather Fadel', 'Et odio quia.', 'Sed quaerat voluptatum est qui nihil dicta ut ipsa velit. Laboriosam dicta quisquam ullam repellendus laboriosam. Occaecati libero possimus exercitationem ea et minima aspernatur ut. Ea neque ut. Et suscipit recusandae rerum repellat. Officiis laudantium dolore maxime porro.', 'https://taryn.name', (381) 196-0597 x0666, '28749 Zulauf Prairie'
'Ms. Selena Price',5,5, 'Ea quaerat eveniet omnis. Eum dolore sit expedita facilis. Molestiae laborum voluptatem esse recusandae labore deserunt saepe.', 12, 60, Korean,'Larkinburgh', 1316, 2180, Casual, Credit, 'Ms. Sidney Schiller', 'Deserunt est sed et reprehenderit aut odit.', 'Rerum quia quis repellat. Error adipisci in aliquam iste id assumenda sed libero qui.', 'https://mohammed.info', 124.682.2103, '051 Hane Cliff'
'Rosalia Fritsch',5,5, 'Officiis modi occaecati tempora illum aliquid asperiores laboriosam molestiae fuga. Eaque eos voluptatem. Vel blanditiis aut omnis. Occaecati earum iste qui. Minus aut harum sunt perspiciatis sed labore quisquam. Quod numquam eligendi iste itaque doloribus dolor vero maiores voluptas.', 25, 117, Chilean,'Rogahnfort', 1324, 1781, Beach Formal, Venmo, 'Kamryn Steuber', 'Ea error sint ea voluptas odio ut itaque sit accusamus.', 'Non et nemo vel. Pariatur voluptatem quia omnis. Dolor explicabo veritatis blanditiis nesciunt ducimus explicabo ad necessitatibus itaque.', 'https://janelle.info', 1-312-428-5452 x623, '90495 Wiza Point'
'Giles Gleichner',2,5, 'Sunt optio illum commodi delectus assumenda necessitatibus. Sit aut suscipit aut perspiciatis officia illo. Veniam eos repellendus.', 24, 64, Russian,'New Godfrey', 1323, 2179, Business Casual, IOU, 'Marcus Bergstrom Jr.', 'Corporis qui eius quia impedit assumenda sunt.', 'Tenetur ut assumenda unde ad omnis exercitationem dolores. Voluptatibus minus asperiores corporis. Delectus ullam voluptatem culpa qui. Sit fugiat dignissimos aut vero.', 'http://theo.biz', 335-623-5689 x7405, '8469 Adrianna Road'
'Terrence Wehner',3,5, 'Doloremque voluptatem et illo eos voluptatem iste. Est quod explicabo et minus assumenda deleniti sequi. Sunt modi est minus nesciunt. Beatae et saepe esse et consequatur voluptatibus.', 15, 52, Indonesian,'Lake Websterton', 1177, 1703, Beach Formal, IOU, 'Guy Kozey', 'Et fugit rerum eos cum omnis.', 'Rerum magnam id. Voluptas dicta dolor. Maxime laborum quidem cupiditate a. Minima tempore reiciendis. Illum corporis atque consectetur deserunt. Nam nobis delectus cumque autem aut.', 'http://garett.biz', 1-746-354-6615 x685, '03551 Pink Valley'
'Tod Powlowski MD',5,5, 'Aut repellendus ut ut praesentium. Quia ab sit vel dolorem.', 23, 57, German,'Lake Jimmy', 1419, 1982, Beach Formal, IOU, 'Mr. Elinore Runolfsdottir', 'Non voluptas assumenda aspernatur.', 'Qui vitae voluptate consequatur aut reprehenderit. Iste non temporibus eaque voluptas voluptatem et. Ab dolor in aliquid enim numquam cumque veniam. Enim vitae numquam officiis molestiae.', 'http://marshall.biz', 1-604-491-1918, '535 Von Pass'
'Pearline Nader',5,5, 'Tempore magnam placeat perspiciatis et laudantium enim. Aut atque assumenda illum deserunt omnis sed molestiae veritatis nulla. Voluptates aut minima. Voluptas provident aliquid. Nobis aliquam voluptas nesciunt aliquid iure.', 28, 65, Russian,'Granvillehaven', 1328, 1789, Semi-Formal, IOU, 'Angus Mayer', 'Expedita illum doloremque nobis libero laboriosam velit aut laudantium assumenda.', 'Perspiciatis rerum vero sequi in et sunt velit. Quia exercitationem et deserunt ratione. Quod asperiores delectus. Excepturi a tempore exercitationem est quo est et. Itaque dolorem dolores aut. Odit magni quisquam eaque est id sunt quia deserunt.', 'https://jalen.org', 446-566-3305, '703 Gerald Inlet'
'Mrs. Jarrod Veum',4,5, 'Voluptatem exercitationem dolor optio. Numquam provident aut quia est mollitia et ut.', 29, 77, Mexican,'Shakirafort', 1273, 1753, Business Casual, Venmo, 'Zoe Champlin', 'Molestiae aspernatur in ipsum voluptas expedita.', 'At odio sit vero nihil dolorem. Quae voluptates quidem natus modi et unde explicabo architecto cumque.', 'http://nedra.com', (613) 081-5398 x28552, '354 Lexi Mews'
'Elisabeth Larson PhD',1,5, 'Sint iste dignissimos qui repellat. Enim saepe quia esse non ipsum explicabo. Quisquam consectetur corporis quibusdam iusto ut. Ut ducimus quia labore ipsum voluptas et tempore molestiae natus. Et dolorem voluptates dolorem quisquam qui sunt voluptatibus et. Non necessitatibus rem libero maiores.', 25, 93, Chinese,'Lake Tessie', 1178, 1962, Beach Formal, Cash, 'Louie Skiles', 'Non velit molestiae voluptas esse recusandae.', 'Molestias sequi iusto velit quas doloribus. Vel error et impedit in dolores quos ab laborum. Voluptatibus ut voluptas dolorem nesciunt cum.', 'https://johnnie.org', (220) 805-0384 x476, '7205 Ernser Shores'
